Date,0,1
2010-01-04,33.279453,28.42065286
2010-01-05,34.551903,27.74517811
2010-01-06,35.628586,29.03729759
2010-01-07,35.726463,30.04595538
2010-01-08,35.139191,29.55205963
2010-01-11,35.530712,34.6424442
2010-01-12,34.454029,29.28592465
2010-01-13,34.258263,28.09177566
2010-01-14,34.356129,28.00024514
2010-01-15,33.475216,31.06500045
2010-01-19,34.649788,31.11550962
2010-01-20,33.866741,30.41233342
2010-01-21,32.007,28.48623
2010-01-22,31.811241,28.66192814
2010-01-25,31.615471,25.64014698
2010-01-26,30.832438,26.36173449
2010-01-27,31.321833,26.46694889
2010-01-28,31.713356,29.87398135
2010-01-29,32.496407,27.3944711
2010-02-01,32.692165,32.39793552
2010-02-02,33.377338,33.377338
2010-02-03,32.985809,30.24798685
2010-02-04,31.12607,29.66314471
2010-02-05,31.517603,27.83004345
2010-02-08,30.832438,25.65258842
2010-02-09,31.12607,28.72936261
2010-02-10,31.321833,26.99942005
2010-02-11,31.419718,26.83243917
2010-02-12,31.12607,30.00553148
2010-02-16,32.398533,28.05712958
2010-02-17,33.377338,31.77522578
2010-02-18,33.573097,29.61147155
2010-02-19,33.475216,27.14840018
2010-02-22,33.866741,27.29659325
2010-02-23,32.790047,31.41286503
2010-02-24,33.76886,27.45408318
2010-02-25,33.181572,29.96295952
2010-02-26,33.279453,29.85166934
2010-03-01,33.181572,27.73979419
2010-03-02,33.279453,28.75344739
2010-03-03,33.279453,32.24778996
2010-03-04,33.573097,28.53713245
2010-03-05,34.258263,30.31856276
2010-03-08,34.845539,29.02633399
2010-03-09,37.390446,29.94974725
2010-03-10,38.760773,32.36524546
2010-03-11,40.914146,40.09586308
2010-03-12,38.858654,34.77849533
2010-03-15,38.075611,33.43038646
2010-03-16,39.641705,38.61102067
2010-03-17,39.641705,34.52792506
2010-03-18,39.348057,37.26260998
2010-03-19,38.173489,36.26481455
2010-03-22,39.543819,34.1263158
2010-03-23,40.424759,36.3822831
2010-03-24,40.62051,36.47721798
2010-03-25,41.795082,33.68683609
2010-03-26,42.186596,41.00537131
2010-03-29,40.914146,39.56397918
2010-03-30,40.033234,38.67210404
2010-03-31,39.641705,37.38212782
2010-04-01,40.914146,33.54959972
2010-04-05,41.697197,40.48797829
2010-04-06,41.990841,40.81509745
2010-04-07,42.675999,36.87206314
2010-04-08,43.752693,43.49017684
2010-04-09,44.53574,41.99720282
2010-04-12,45.416668,44.78083465
2010-04-13,45.220901,39.16130027
2010-04-14,48.255199,46.03545985
2010-04-15,47.080631,46.51566343
2010-04-16,44.63361,39.59001207
2010-04-19,47.7658,40.60093
2010-04-20,48.646725,42.07941713
2010-04-21,48.255199,38.79718
2010-04-22,47.667927,41.32809271
2010-04-23,47.570042,46.76135129
2010-04-26,45.123016,44.89740092
2010-04-27,42.480247,35.47100625
2010-04-28,43.556923,41.59686147
2010-04-29,44.63361,38.92050792
2010-04-30,42.773888,36.40057869
2010-05-03,43.165409,38.58987565
2010-05-04,41.697197,39.11197079
2010-05-05,40.914146,40.3822621
2010-05-06,39.543819,37.92252242
2010-05-07,39.152306,36.80316764
2010-05-10,41.305679,36.05985777
2010-05-11,40.816261,37.10198125
2010-05-12,40.914146,37.8046709
2010-05-13,40.033234,38.11163877
2010-05-14,38.956535,37.281404
2010-05-17,37.781967,36.15734242
2010-05-18,36.50951,30.96006448
2010-05-19,37.292557,37.14338677
2010-05-20,35.530712,30.02345164
2010-05-21,36.705276,35.75093882
2010-05-24,36.99892,35.07497616
2010-05-25,36.99892,29.82112952
2010-05-26,37.781967,30.4522654
2010-05-27,39.348057,38.75783615
2010-05-28,38.760773,38.56696914
2010-06-01,37.68409,36.81735593
2010-06-02,38.369255,36.37405374
2010-06-03,38.760773,35.38858575
2010-06-04,37.096798,36.28066844
2010-06-07,35.628586,29.7854979
2010-06-08,36.411633,33.60793726
2010-06-09,37.879837,36.32676368
2010-06-10,38.173489,36.99011084
2010-06-11,37.97773,31.97724866
2010-06-14,37.97773,33.83815743
2010-06-15,39.054424,31.98557326
2010-06-16,39.054424,36.71115856
2010-06-17,38.760773,33.37302555
2010-06-18,39.250175,34.93265575
2010-06-21,39.348057,38.7971842
2010-06-22,38.565006,31.23765486
2010-06-23,38.075611,33.31615963
2010-06-24,36.99892,34.9639794
2010-06-25,38.565006,33.47442521
2010-06-28,39.152306,35.58944615
2010-06-29,36.50951,34.17290136
2010-06-30,36.803162,29.55293909
2010-07-01,36.99892,35.3339686
2010-07-02,37.096798,30.67905195
2010-07-06,37.096798,37.0226044
2010-07-07,38.173489,32.86737403
2010-07-08,38.858654,38.3534915
2010-07-09,39.543819,39.06929317
2010-07-12,40.228985,39.78646617
2010-07-13,42.088715,37.66939993
2010-07-14,41.207798,40.21881085
2010-07-15,40.718391,36.40224155
2010-07-16,38.173489,37.06645782
2010-07-19,38.956535,35.99583834
2010-07-20,39.054424,34.40694754
2010-07-21,38.565006,33.62868523
2010-07-22,40.033234,34.42858124
2010-07-23,39.348057,32.26540674
2010-07-26,40.62051,37.33024869
2010-07-27,40.718391,36.1986496
2010-07-28,40.033234,36.10997707
2010-07-29,40.326874,39.92360526
2010-07-30,40.131111,36.31865546
2010-08-02,41.012035,38.79738511
2010-08-03,40.424759,32.74405479
2010-08-04,40.522633,40.36054247
2010-08-05,40.131111,37.32193323
2010-08-06,39.739574,36.99754339
2010-08-09,39.935333,32.0680724
2010-08-10,39.152306,33.63183085
2010-08-11,37.68409,36.5535673
2010-08-12,37.879837,30.3038696
2010-08-13,37.97773,33.30646921
2010-08-16,37.879837,31.36450504
2010-08-17,37.68409,37.34493319
2010-08-18,37.781967,36.57294406
2010-08-19,37.096798,34.09195736
2010-08-20,36.705276,31.67665319
2010-08-23,36.705276,31.01595822
2010-08-24,36.313747,31.4477049
2010-08-25,36.020111,34.93950767
2010-08-26,35.824348,30.62981754
2010-08-27,36.803162,29.4425296
2010-08-30,35.922237,29.49215658
2010-08-31,36.313747,32.53711731
2010-09-01,37.68409,36.62893548
2010-09-02,37.97773,37.14221994
2010-09-03,38.271366,36.01335541
2010-09-07,37.488323,33.51456076
2010-09-08,37.586208,30.70793194
2010-09-09,38.271366,34.40595803
2010-09-10,38.271366,31.38252012
2010-09-13,39.054424,38.31238994
2010-09-14,38.565006,35.51837053
2010-09-15,38.369255,35.68340715
2010-09-16,38.858654,37.26544919
2010-09-17,38.662891,31.97421086
2010-09-20,39.054424,36.04723335
2010-09-21,38.565006,38.52644099
2010-09-22,37.97773,37.67390816
2010-09-23,37.194683,33.43802002
2010-09-24,38.173489,35.80673268
2010-09-27,37.879837,31.47814455
2010-09-28,37.97773,32.01522639
2010-09-29,38.369255,33.30451334
2010-09-30,38.271366,32.45411837
2010-10-01,40.033234,39.35266902
2010-10-04,39.445942,31.95121302
2010-10-05,40.424759,38.80776864
2010-10-06,40.131111,38.04429323
2010-10-07,40.914146,36.94547384
2010-10-08,41.012035,32.97367614
2010-10-11,40.914146,37.72284261
2010-10-12,41.501431,35.23471492
2010-10-13,41.599312,38.8121581
2010-10-14,39.739574,36.95780382
2010-10-15,38.662891,37.00038669
2010-10-18,40.816261,35.7958609
2010-10-19,39.739574,34.77212725
2010-10-20,40.228985,33.7923474
2010-10-21,39.837471,39.27974641
2010-10-22,40.228985,32.82685176
2010-10-25,41.207798,35.39749848
2010-10-26,40.914146,37.96832749
2010-10-27,40.816261,39.42850813
2010-10-28,40.816261,35.14280072
2010-10-29,40.816261,40.0815683
2010-11-01,40.62051,36.11163339
2010-11-02,40.816261,34.93871942
2010-11-03,41.012035,36.82880743
2010-11-04,42.382362,36.61836077
2010-11-05,43.948452,39.37781299
2010-11-08,43.459042,39.80848247
2010-11-09,42.088715,37.50104507
2010-11-10,43.263298,40.71076342
2010-11-11,42.675999,40.07276306
2010-11-12,41.990841,39.47139054
2010-11-15,42.284477,41.1850806
2010-11-16,41.305679,35.85332937
2010-11-17,41.012035,40.35584244
2010-11-18,42.088715,38.55326294
2010-11-19,41.795082,33.51965576
2010-11-22,40.914146,36.65907482
2010-11-23,40.131111,34.03118213
2010-11-24,40.816261,34.1223942
2010-11-26,40.228985,39.10257342
2010-11-29,40.62051,40.17368439
2010-11-30,41.109921,35.60119159
2010-12-01,42.088715,35.94376261
2010-12-02,43.263298,38.76391501
2010-12-03,43.556923,42.11954454
2010-12-06,43.556923,35.54244917
2010-12-07,45.220901,37.17158062
2010-12-08,45.416668,43.0095846
2010-12-09,45.906078,39.11197846
2010-12-10,46.689102,43.88775588
2010-12-13,47.080631,43.54958368
2010-12-14,45.906078,38.74472983
2010-12-15,44.927261,44.34320661
2010-12-16,44.927261,41.28815286
2010-12-17,46.003944,38.78132479
2010-12-20,46.101822,44.25774912
2010-12-21,46.395477,42.26627955
2010-12-22,46.2976,39.5381504
2010-12-23,45.808189,39.44085073
2010-12-27,46.689102,39.49898029
2010-12-28,46.786999,40.79826313
2010-12-29,46.689102,40.47945143
2010-12-30,46.591232,43.2366633
2010-12-31,46.2976,40.8344832
2011-01-03,47.961567,44.31648791
2011-01-04,47.961567,43.309295
2011-01-05,48.646725,44.1712263
2011-01-06,48.450966,39.39063536
2011-01-07,48.353085,45.54860607
2011-01-10,48.059441,41.90783255
2011-01-11,48.353085,43.22765799
2011-01-12,49.723408,39.82844981
2011-01-13,49.33189,47.21061873
2011-01-14,50.212822,42.2289833
2011-01-18,46.982761,46.32500235
2011-01-19,46.591232,41.55937894
2011-01-20,46.982761,40.02931237
2011-01-21,47.863689,41.40209099
2011-01-24,47.570042,46.61864116
2011-01-25,47.178524,41.0924944
2011-01-26,47.080631,42.74921295
2011-01-27,47.276398,38.34115878
2011-01-28,46.199711,41.81073846
2011-01-31,47.178524,41.61145817
2011-02-01,47.961567,45.17979611
2011-02-02,47.472153,46.42776563
2011-02-03,47.080631,44.67951882
2011-02-04,47.178524,41.42274407
2011-02-07,47.961567,47.86564387
2011-02-08,47.863689,43.02945641
2011-02-09,47.374275,44.62656705
2011-02-10,46.786999,43.65227007
2011-02-11,47.7658,45.8074022
2011-02-14,48.059441,40.51410876
2011-02-15,48.059441,43.0131997
2011-02-16,47.961567,38.70498457
2011-02-17,48.353085,44.58154437
2011-02-18,48.059441,43.06125914
2011-02-22,45.906078,42.60084038
2011-02-23,46.003944,42.87567581
2011-02-24,45.906078,42.69265254
2011-02-25,46.003944,41.17352988
2011-02-28,45.808189,44.5713679
2011-03-01,44.731487,44.23944064
2011-03-02,45.025139,37.32584023
2011-03-03,45.808189,45.3959153
2011-03-04,44.437847,42.48258173
2011-03-07,44.2421,43.3130159
2011-03-08,45.416668,41.10208454
2011-03-09,45.514553,37.91362265
2011-03-10,44.437847,44.39340915
2011-03-11,44.731487,40.43726425
2011-03-14,44.437847,41.68270049
2011-03-15,43.459042,34.94106977
2011-03-16,42.969646,41.25086016
2011-03-17,43.556923,39.07055993
2011-03-18,44.046326,41.31545379
2011-03-21,43.361176,43.14437012
2011-03-22,43.263298,36.99011979
2011-03-23,43.06752,40.87107648
2011-03-24,43.361176,41.06303367
2011-03-25,43.654804,43.654804
2011-03-28,43.361176,35.25263609
2011-03-29,43.556923,41.33551993
2011-03-30,43.556923,42.90356916
2011-03-31,43.263298,35.86527404
2011-04-01,43.556923,35.76023378
2011-04-04,43.361176,35.03583021
2011-04-05,43.752693,39.9899614
2011-04-06,44.927261,39.26642611
2011-04-07,44.829372,41.87063345
2011-04-08,44.63361,40.48268427
2011-04-11,44.33997,38.26539411
2011-04-12,44.53574,35.8512707
2011-04-13,44.046326,42.10828766
2011-04-14,43.361176,41.1931172
2011-04-15,43.263298,40.75402672
2011-04-18,43.263298,37.72559586
2011-04-19,44.33997,41.45787195
2011-04-20,44.731487,36.94820826
2011-04-21,44.53574,37.855379
2011-04-25,44.2421,40.4815215
2011-04-26,44.144215,43.74691707
2011-04-27,44.144215,41.36312946
2011-04-28,44.927261,40.74902573
2011-04-29,44.927261,39.13164433
2011-05-02,43.948452,36.169576
2011-05-03,44.2421,40.260311
2011-05-04,44.2421,43.3130159
2011-05-05,43.850567,37.71148762
2011-05-06,44.2421,42.029995
2011-05-09,43.224133,42.22997794
2011-05-10,43.263298,41.35971289
2011-05-11,42.01041,37.3892649
2011-05-12,41.521015,37.41043452
2011-05-13,40.649868,35.89383344
2011-05-16,40.317074,34.30982997
2011-05-17,40.659664,40.61900434
2011-05-18,40.366024,35.80466329
2011-05-19,40.503052,39.77399706
2011-05-20,40.150673,35.21214022
2011-05-23,39.30891,34.9849299
2011-05-24,39.651482,32.31595783
2011-05-25,39.48505,37.07646195
2011-05-26,39.377365,32.68321295
2011-05-27,40.111652,39.14897235
2011-05-31,40.28788,35.61448592
2011-06-01,38.819302,35.09264901
2011-06-02,39.171745,33.10012453
2011-06-03,39.015106,36.63518453
2011-06-06,37.272408,31.27155031
2011-06-07,36.792667,35.02661898
2011-06-08,36.038795,34.633282
2011-06-09,36.978687,31.91260688
2011-06-10,37.125546,31.074082
2011-06-13,38.349354,31.06297674
2011-06-14,37.967518,35.95523955
2011-06-15,37.203869,31.58608478
2011-06-16,36.841618,30.09960191
2011-06-17,37.497578,36.74762644
2011-06-20,37.360516,37.09899239
2011-06-21,38.48642,32.98286194
2011-06-22,38.682224,35.39423496
2011-06-23,38.58432,34.99597824
2011-06-24,38.760551,34.30308764
2011-06-27,39.152184,31.67411686
2011-06-28,39.30883,32.11531411
2011-06-29,40.630531,35.02351772
2011-06-30,40.767601,37.95463653
2011-07-01,41.981628,41.26794032
2011-07-05,41.67812,40.38609828
2011-07-06,41.129856,37.83946752
2011-07-07,41.736858,33.72338126
2011-07-08,41.149448,38.76278002
2011-07-11,38.956367,35.95672674
2011-07-12,38.25145,32.0547151
2011-07-13,38.643074,37.02006489
2011-07-14,38.202499,34.3058441
2011-07-15,37.575897,31.67648117
2011-07-18,36.949306,35.6930296
2011-07-19,37.22345,34.6178085
2011-07-20,37.810879,36.07157857
2011-07-21,39.475258,34.73822704
2011-07-22,39.416508,35.75077276
2011-07-25,39.073849,35.94794108
2011-07-26,38.887833,35.07682537
2011-07-27,37.468204,32.7846785
2011-07-28,37.389866,34.80996525
2011-07-29,37.546566,32.06476736
2011-08-01,37.683666,37.30682934
2011-08-02,36.27346,32.71866092
2011-08-03,36.488907,33.93468351
2011-08-04,34.089603,30.95335952
2011-08-05,32.747959,26.98431822
2011-08-08,27.371572,26.85151213
2011-08-09,31.161486,31.00567857
2011-08-10,27.900398,27.28658924
2011-08-11,29.663147,26.81548489
2011-08-12,29.232252,24.73048519
2011-08-15,30.622866,28.96923124
2011-08-16,29.320391,28.0302938
2011-08-17,29.232252,23.4442661
2011-08-18,27.400953,21.97556431
2011-08-19,26.21599,22.49331942
2011-08-22,25.520695,21.87123562
2011-08-23,26.754612,23.81160468
2011-08-24,27.861231,27.69406361
2011-08-25,29.212662,28.3654948
2011-08-26,29.222456,26.41710022
2011-08-29,30.642456,28.12977461
2011-08-30,30.299696,25.08814829
2011-08-31,30.407419,24.8124539
2011-09-01,29.379148,24.59034688
2011-09-02,27.812262,26.72758378
2011-09-06,27.126749,26.39432678
2011-09-07,28.38026,25.1165301
2011-09-08,27.400953,24.93486723
2011-09-09,26.186617,25.32245864
2011-09-12,26.402063,23.52423813
2011-09-13,26.4902,23.2848858
2011-09-14,26.823166,26.76951967
2011-09-15,27.998329,26.17843762
2011-09-16,28.390055,27.53835335
2011-09-19,27.136539,23.7987447
2011-09-20,26.372684,24.60571417
2011-09-21,24.991861,23.89221912
2011-09-22,23.464149,19.35792293
2011-09-23,24.463037,22.82401352
2011-09-26,26.167027,24.8063416
2011-09-27,26.431438,25.63849486
2011-09-28,25.383587,24.11440765
2011-09-29,26.343304,23.60360038
2011-09-30,25.089794,20.84961881
2011-10-03,22.631739,21.90752335
2011-10-04,23.885248,20.42188704
2011-10-05,24.198627,19.43149748
2011-10-06,25.481522,21.8886274
2011-10-07,24.120279,21.75649166
2011-10-10,25.941792,24.61876061
2011-10-11,27.263847,24.70104538
2011-10-12,28.595709,24.36354407
2011-10-13,27.067989,26.14767737
2011-10-14,27.812262,27.56195164
2011-10-17,27.351992,27.351992
2011-10-18,29.261633,26.21842317
2011-10-19,28.781776,26.96852411
2011-10-20,29.457495,26.33500053
2011-10-21,29.672943,24.30214032
2011-10-24,30.946033,30.29616631
2011-10-25,30.260527,27.68838221
2011-10-26,30.505348,27.54632924
2011-10-27,33.462852,31.68932084
2011-10-28,33.453049,27.36459408
2011-10-31,30.936245,27.06921438
2011-11-01,28.566324,23.31012038
2011-11-02,29.212662,25.56107925
2011-11-03,30.153116,27.52979491
2011-11-04,29.722078,24.66932474
2011-11-07,29.927799,28.16205886
2011-11-08,30.780081,26.65555015
2011-11-09,28.262426,27.89501446
2011-11-10,28.046904,24.20447815
2011-11-11,28.732647,24.82500701
2011-11-14,27.801996,24.82718243
2011-11-15,27.449329,25.19848402
2011-11-16,26.312956,25.39200254
2011-11-17,25.470469,24.55353212
2011-11-18,25.744768,22.88709875
2011-11-21,24.490837,22.36013418
2011-11-22,23.961828,20.94263767
2011-11-23,23.031185,18.56313511
2011-11-25,23.148739,21.01905501
2011-11-28,24.539816,19.65639262
2011-11-29,24.725945,23.76163315
2011-11-30,26.920328,23.555287
2011-12-01,26.4403,25.2504865
2011-12-02,27.596272,25.19539634
2011-12-05,29.222458,27.70289018
2011-12-06,29.144093,24.48103812
2011-12-07,29.222458,28.05355968
2011-12-08,27.184824,25.09159255
2011-12-09,28.184052,25.45019896
2011-12-12,26.665619,23.22575415
2011-12-13,26.352139,24.50748927
2011-12-14,25.519451,23.83516723
2011-12-15,25.392099,22.11651823
2011-12-16,25.499861,22.9498749
2011-12-19,24.314501,20.15672133
2011-12-20,25.42149,21.96416736
2011-12-21,25.568428,21.01724782
2011-12-22,27.086866,24.18857134
2011-12-23,26.900732,25.31358881
2011-12-27,26.352139,25.06088419
2011-12-28,25.59782,21.45097316
2011-12-29,26.214989,24.0653599
2011-12-30,25.774157,25.0524806
2012-01-03,27.753014,26.92042358
2012-01-04,27.596272,22.13221014
2012-01-05,27.929346,27.59419385
2012-01-06,27.968534,24.86402673
2012-01-09,28.487738,24.4424792
2012-01-10,29.389002,28.50733194
2012-01-11,30.633139,28.55008555
2012-01-12,30.956411,29.06806993
2012-01-13,30.113928,28.30709232
2012-01-17,27.645254,23.74727319
2012-01-18,28.438763,25.39581536
2012-01-19,28.732647,26.95122289
2012-01-20,29.036335,27.7877726
2012-01-23,29.242056,28.16009993
2012-01-24,29.291035,24.37014112
2012-01-25,29.349813,25.27018899
2012-01-26,29.761259,27.88629968
2012-01-27,30.241283,25.91677953
2012-01-30,29.614315,26.17905446
2012-01-31,30.094339,27.71688622
2012-02-01,30.956411,27.11781604
2012-02-02,31.348391,26.23860327
2012-02-03,32.867306,27.04979284
2012-02-06,32.632122,28.42257826
2012-02-07,32.406731,29.78178579
2012-02-08,33.543461,28.64611569
2012-02-09,32.984894,27.54238649
2012-02-10,32.269543,29.33301459
2012-02-13,32.220543,31.67279377
2012-02-14,31.436584,27.22408174
2012-02-15,31.083807,26.07931407
2012-02-16,32.053955,26.25218915
2012-02-17,32.259739,26.87236259
2012-02-21,32.690918,32.690918
2012-02-22,31.710968,29.93515379
2012-02-23,32.053955,28.04721063
2012-02-24,31.701172,31.28905676
2012-02-27,32.269543,28.49400647
2012-02-28,32.808514,31.43055641
2012-02-29,32.651726,31.24770178
2012-03-01,33.445473,27.35839691
2012-03-02,33.416069,27.30092837
2012-03-05,33.004501,27.03068632
2012-03-06,31.47578,29.87051522
2012-03-07,32.573315,31.07494251
2012-03-08,33.318085,30.35277544
2012-03-09,33.514069,28.45344458
2012-03-12,33.602264,33.33344589
2012-03-13,35.718941,29.71815891
2012-03-14,34.503807,27.63754941
2012-03-15,35.542553,32.05938281
2012-03-16,35.954121,31.74748884
2012-03-19,36.4245,33.2555685
2012-03-20,37.316242,35.41311366
2012-03-21,37.041866,30.22616266
2012-03-22,36.159916,28.96409272
2012-03-23,36.385296,34.16579294
2012-03-26,36.679287,32.27777256
2012-03-27,36.042316,30.4197147
2012-03-28,36.316711,33.15715714
2012-03-29,35.77774,32.77240984
2012-03-30,35.816925,31.19654168
2012-04-02,36.130516,29.41024002
2012-04-03,35.640553,29.79550231
2012-04-04,34.337219,27.67579851
2012-04-05,34.092236,31.058027
2012-04-09,33.288681,30.09296762
2012-04-10,32.200951,29.14186066
2012-04-11,32.916302,27.12303285
2012-04-12,33.935452,31.86538943
2012-04-13,32.73991,29.07304008
2012-04-16,33.318085,32.51845096
2012-04-17,34.376415,28.91056502
2012-04-18,34.376415,32.89822916
2012-04-19,34.151031,33.05819801
2012-04-20,33.210281,27.43169211
2012-04-23,32.583122,26.91365877
2012-04-24,32.74971,32.58596145
2012-04-25,33.004501,31.42028495
2012-04-26,33.200493,29.91364419
2012-04-27,32.82811,26.29531611
2012-04-30,32.377338,27.84451068
2012-05-01,32.926105,28.05304146
2012-05-02,32.044151,29.70492798
2012-05-03,31.83831,31.74279507
2012-05-04,30.975689,27.3205577
2012-05-07,31.044308,27.81569997
2012-05-08,30.701218,30.33280338
2012-05-09,29.848406,28.56492454
2012-05-10,30.044456,27.49067724
2012-05-11,28.77014,27.30286286
2012-05-14,27.584045,27.14270028
2012-05-15,27.240963,21.95621618
2012-05-16,26.388153,24.72569936
2012-05-17,25.888226,21.35778645
2012-05-18,25.496124,21.0343023
2012-05-21,25.731388,22.10326229
2012-05-22,26.388153,21.79661438
2012-05-23,26.613605,25.94826488
2012-05-24,26.133284,25.58448504
2012-05-25,25.947039,25.81730381
2012-05-29,26.486177,23.8375593
2012-05-30,25.48632,23.54935968
2012-05-31,25.98625,25.33659375
2012-06-01,24.888378,20.18447456
2012-06-04,24.329638,21.99399275
2012-06-05,25.241266,23.57534244
2012-06-06,26.603806,24.50210533
2012-06-07,26.378347,23.55586387
2012-06-08,27.221355,23.98201376
2012-06-11,25.956842,23.64668306
2012-06-12,27.07432,27.04724568
2012-06-13,27.123333,24.4923697
2012-06-14,27.358587,21.96894536
2012-06-15,27.750689,26.501908
2012-06-18,27.005699,25.49337986
2012-06-19,27.936935,23.41115153
2012-06-20,28.289822,23.73516066
2012-06-21,27.280169,24.66127278
2012-06-22,27.437008,26.80595682
2012-06-25,26.221512,21.05587414
2012-06-26,26.2019,24.891805
2012-06-27,26.564598,24.83789913
2012-06-28,25.868616,21.70376882
2012-06-29,26.868469,24.02041129
2012-07-02,26.917479,23.31053681
2012-07-03,27.103724,22.9297505
2012-07-05,26.309732,23.04732523
2012-07-06,25.839212,23.77207504
2012-07-09,25.594152,22.11334733
2012-07-10,25.368694,24.88668881
2012-07-11,25.358896,25.05458925
2012-07-12,24.780556,22.02991428
2012-07-13,26.123478,21.42125196
2012-07-16,26.280321,21.36590097
2012-07-17,26.83906,23.69888998
2012-07-18,26.564598,25.02385132
2012-07-19,26.064667,21.32089761
2012-07-20,25.358896,25.02923035
2012-07-23,24.839365,24.11902342
2012-07-24,24.741337,22.24246196
2012-07-25,25.280468,21.00806891
2012-07-26,25.760796,23.13319481
2012-07-27,26.760641,24.75359293
2012-07-30,26.603806,26.1781451
2012-07-31,26.593996,24.94516825
2012-08-01,26.250914,25.01712104
2012-08-02,25.672352,21.46208627
2012-08-03,26.868702,23.05334632
2012-08-06,28.006208,24.36540096
2012-08-07,28.329809,22.80549625
2012-08-08,28.300392,26.68726966
2012-08-09,28.300392,23.60252693
2012-08-10,28.339617,23.72025943
2012-08-13,28.221941,25.73841019
2012-08-14,28.212137,25.72946894
2012-08-15,28.182713,22.65890125
2012-08-16,28.26116,23.20241236
2012-08-17,28.467089,27.78387886
2012-08-20,29.398666,24.75367677
2012-08-21,30.134129,28.83836145
2012-08-22,29.898787,25.65315925
2012-08-23,29.016233,26.98509669
2012-08-24,29.251579,28.05226426
2012-08-27,29.114292,27.36743448
2012-08-28,28.771082,23.96631131
2012-08-29,29.330029,25.42913514
2012-08-30,29.075066,25.58605808
2012-08-31,29.133905,28.28902176
2012-09-04,29.124102,27.6096487
2012-09-05,29.192745,25.01818247
2012-09-06,30.516567,30.18088476
2012-09-07,31.448147,28.86939895
2012-09-10,31.212793,26.49966126
2012-09-11,32.026703,30.42536785
2012-09-12,32.409142,26.83476958
2012-09-13,33.781986,32.80230841
2012-09-14,34.115421,30.97680227
2012-09-17,33.399563,32.09698004
2012-09-18,33.281887,29.65416132
2012-09-19,33.517239,33.11503213
2012-09-20,33.154408,27.51815864
2012-09-21,33.017117,29.913508
2012-09-24,32.840614,30.64029286
2012-09-25,32.222828,29.45166479
2012-09-26,31.879612,27.73526244
2012-09-27,32.330692,29.00063072
2012-09-28,32.085541,27.0801966
2012-10-01,32.11496,27.52252072
2012-10-02,32.61507,29.58186849
2012-10-03,33.399563,30.52720058
2012-10-04,34.282104,30.64820098
2012-10-05,34.095791,32.39100145
2012-10-08,34.105591,28.34174612
2012-10-09,33.929089,28.33078932
2012-10-10,34.458611,29.53102963
2012-10-11,34.831249,33.1245178
2012-10-12,34.076187,31.41824441
2012-10-15,35.949142,30.48487242
2012-10-16,36.527699,32.25395822
2012-10-17,37.684826,31.61756901
2012-10-18,37.675011,32.47585948
2012-10-19,36.439445,34.39883608
2012-10-22,36.988594,36.3597879
2012-10-23,36.174683,29.62706538
2012-10-24,36.57674,31.8217638
2012-10-25,36.684597,29.49441599
2012-10-26,35.890308,30.18374903
2012-10-31,36.664989,32.19186034
2012-11-01,37.224087,34.69284908
2012-11-02,36.880775,31.4224203
2012-11-05,36.606125,32.54284513
2012-11-06,37.734142,34.56447407
2012-11-07,35.360416,29.1723432
2012-11-08,35.31139,29.16720814
2012-11-09,35.242722,32.21184791
2012-11-12,35.723343,30.82924501
2012-11-13,35.468323,30.82197269
2012-11-14,34.35014,29.67852096
2012-11-15,34.536499,33.22411204
2012-11-16,34.310894,30.19358672
2012-11-19,35.40947,29.77936427
2012-11-20,35.31139,29.97937011
2012-11-21,35.085781,32.8753768
2012-11-23,35.340816,34.63399968
2012-11-26,34.88961,30.49351914
2012-11-27,34.369751,34.12916274
2012-11-28,34.399166,31.02804773
2012-11-29,34.536499,31.91172508
2012-11-30,33.908741,32.14548647
2012-12-03,33.56543,28.49705007
2012-12-04,33.634098,31.61605212
2012-12-05,35.762585,34.94004555
2012-12-06,36.311874,29.15843482
2012-12-07,36.920006,30.31132493
2012-12-10,36.478619,30.13133929
2012-12-11,36.292255,34.65910353
2012-12-12,36.812119,36.29674933
2012-12-13,36.576717,33.87003994
2012-12-14,36.880775,29.91030853
2012-12-17,38.401131,33.83139641
2012-12-18,38.705204,36.22807094
2012-12-19,38.695396,34.8258564
2012-12-20,39.401623,31.67890489
2012-12-21,38.734615,31.06516123
2012-12-24,38.626728,38.54947454
2012-12-26,38.793484,34.25464637
2012-12-27,38.499214,35.03428474
2012-12-28,38.263798,36.61845469
2012-12-31,38.803284,34.14688992
2013-01-02,40.460968,36.57671507
2013-01-03,40.598286,36.86324369
2013-01-04,41.618393,39.57909174
2013-01-07,41.657627,36.45042363
2013-01-08,41.647812,33.40154522
2013-01-09,41.235851,39.99877547
2013-01-10,42.010738,36.29727763
2013-01-11,41.530113,36.38037899
2013-01-14,41.412411,40.33568831
2013-01-15,41.755707,38.28998332
2013-01-16,41.667435,36.83401254
2013-01-17,40.451149,38.26678695
2013-01-18,40.863121,36.16386209
2013-01-22,40.980827,36.71882099
2013-01-23,41.21624,37.7128596
2013-01-24,41.981319,34.67656949
2013-01-25,42.089203,36.23880378
2013-01-28,41.530113,37.75087272
2013-01-29,41.353558,33.28961419
2013-01-30,41.147575,36.49789903
2013-01-31,41.363422,35.9034503
2013-02-01,42.207165,36.55140489
2013-02-04,41.412468,33.33703674
2013-02-05,42.109047,38.19290563
2013-02-06,42.236595,36.19676192
2013-02-07,42.059998,40.50377807
2013-02-08,41.873592,38.56557823
2013-02-11,42.334717,38.22824945
2013-02-12,43.512032,42.33720714
2013-02-13,43.168652,38.03158241
2013-02-14,43.482601,39.69961471
2013-02-15,43.011669,35.14053357
2013-02-19,43.659203,37.41593697
2013-02-20,42.403385,35.49163325
2013-02-21,41.549828,37.35329537
2013-02-22,41.981514,41.05792069
2013-02-25,40.372498,36.61785569
2013-02-26,40.509853,40.14526432
2013-02-27,41.363422,38.17843851
2013-02-28,41.177006,38.74756265
2013-03-01,41.314365,35.15852462
2013-03-04,42.128674,38.25283599
2013-03-05,42.776211,34.64873091
2013-03-06,43.737686,40.32614649
2013-03-07,44.14975,43.619953
2013-03-08,45.798004,42.54634572
2013-03-11,46.70063,46.70063
2013-03-12,46.062912,43.80582931
2013-03-13,46.082535,37.37293589
2013-03-14,46.563274,39.20627671
2013-03-15,46.36705,40.01476415
2013-03-18,45.366333,38.28918505
2013-03-19,44.924835,36.25434185
2013-03-20,45.219158,44.99306221
2013-03-21,44.375404,40.15974062
2013-03-22,44.375404,40.78099628
2013-03-25,43.649395,41.64152283
2013-03-26,43.982971,41.16806086
2013-03-27,43.619965,38.03660948
2013-03-28,43.404106,38.75986666
2013-04-01,42.962616,36.04563482
2013-04-02,43.276566,40.33375951
2013-04-03,41.696991,33.56607776
2013-04-04,41.961887,39.98967831
2013-04-05,42.19735,37.09147065
2013-04-08,42.736969,35.64263215
2013-04-09,43.06073,40.9076935
2013-04-10,44.208622,37.48891146
2013-04-11,44.022198,41.8210881
2013-04-12,43.933918,43.31884315
2013-04-15,44.022198,39.04768963
2013-04-16,45.778389,40.05609038
2013-04-17,44.875774,43.6641281
2013-04-18,44.238052,40.21238927
2013-04-19,44.179188,41.48425753
2013-04-22,44.296913,36.01339027
2013-04-23,45.582169,39.42857619
2013-04-24,46.229694,38.74048357
2013-04-25,46.219879,42.01387001
2013-04-26,46.033474,44.9747041
2013-04-29,45.935371,39.55035443
2013-04-30,45.778389,40.65120943
2013-05-01,45.003311,39.64791699
2013-05-02,45.670616,38.63734114
2013-05-03,46.092583,44.15669451
2013-05-06,46.59306,42.53946378
2013-05-07,47.211281,40.88496935
2013-05-08,48.369247,39.85625953
2013-05-09,47.692127,45.16444427
2013-05-10,47.839333,39.18041373
2013-05-13,48.006149,40.42117746
2013-05-14,49.154293,49.05598441
2013-05-15,50.380947,43.68028105
2013-05-16,49.664581,47.92632067
2013-05-17,50.488892,43.16800266
2013-05-20,50.636078,48.61063488
2013-05-21,50.694965,45.92963829
2013-05-22,50.04731,48.99631649
2013-05-23,49.586075,45.52001685
2013-05-24,49.576271,43.92457611
2013-05-28,50.822548,44.16479421
2013-05-29,51.303387,46.78868894
2013-05-30,52.274895,52.06579542
2013-05-31,51.01881,46.22304186
2013-06-03,50.989365,50.22452453
2013-06-04,50.273003,44.03915063
2013-06-05,49.095421,41.63291701
2013-06-06,49.880474,41.99935911
2013-06-07,50.636078,46.73709999
2013-06-10,50.959927,44.48801627
2013-06-11,49.016914,41.27224159
2013-06-12,48.516438,39.24979834
2013-06-13,49.350559,40.17135503
2013-06-14,48.300556,46.3202332
2013-06-17,48.437939,46.25823175
2013-06-18,49.07579,46.47477313
2013-06-19,48.604763,41.36265331
2013-06-20,47.005215,42.25768829
2013-06-21,45.994442,36.93353693
2013-06-24,44.591167,36.69853044
2013-06-25,46.122021,43.63143187
2013-06-26,46.720631,41.81496475
2013-06-27,47.378109,41.69273592
2013-06-28,47.073906,46.74438866
2013-07-01,47.348679,43.18199525
2013-07-02,47.250542,42.47823726
2013-07-03,46.779503,37.93817693
2013-07-05,47.623436,41.62288306
2013-07-08,48.594948,46.60255513
2013-07-09,49.272057,39.66400589
2013-07-10,48.702892,42.71243628
2013-07-11,49.105236,47.09192132
2013-07-12,49.860855,45.67254318
2013-07-15,50.842171,41.33468502
2013-07-16,50.861801,40.94374981
2013-07-17,50.822548,42.64011777
2013-07-18,51.705738,48.49998224
2013-07-19,51.372082,41.35452601
2013-07-22,52.009945,41.76398584
2013-07-23,51.892178,42.39590943
2013-07-24,51.215073,49.93469618
2013-07-25,51.676285,42.3745537
2013-07-26,51.234692,41.19269237
2013-07-29,50.675346,45.20240863
2013-07-30,50.812733,44.81683051
2013-07-31,51.166004,41.39329724
2013-08-01,51.882507,43.94448343
2013-08-02,52.019917,46.14166638
2013-08-05,51.892319,50.85447262
2013-08-06,50.528027,46.83948103
2013-08-07,50.547657,44.17865222
2013-08-08,50.822479,44.82542648
2013-08-09,50.370987,41.05235441
2013-08-12,49.958748,49.65899551
2013-08-13,50.812668,45.7314012
2013-08-14,50.635983,43.29376547
2013-08-15,49.919483,48.1723011
2013-08-16,49.418919,43.4392298
2013-08-19,48.417786,38.87948216
2013-08-20,48.996868,42.82326263
2013-08-21,48.250927,47.33415939
2013-08-22,48.987057,42.96164899
2013-08-23,48.908531,46.70764711
2013-08-26,48.682785,43.96055486
2013-08-27,47.347942,41.00331777
2013-08-28,47.416645,40.58864812
2013-08-29,47.573689,40.91337254
2013-08-30,47.436279,39.04005762
2013-09-03,48.457043,40.75237316
2013-09-04,48.682785,42.74348523
2013-09-05,48.937981,46.0995781
2013-09-06,48.309822,45.4595425
2013-09-09,49.163731,47.59049161
2013-09-10,50.145237,49.39305845
2013-09-11,49.791893,48.64667946
2013-09-12,49.330589,46.86405955
2013-09-13,49.556339,44.20425439
2013-09-16,50.056896,45.45166157
2013-09-17,50.253204,49.49940594
2013-09-18,51.244526,42.58420111
2013-09-19,50.989334,49.86756865
2013-09-20,50.263016,46.34250075
2013-09-23,48.653351,47.97220409
2013-09-24,48.054623,38.49175302
2013-09-25,48.349079,48.15568268
2013-09-26,48.025181,45.96009822
2013-09-27,47.985916,45.97050753
2013-09-30,47.612949,38.0903592
2013-10-01,47.701279,41.07080122
2013-10-02,47.809246,43.69765084
2013-10-03,47.504986,42.7544874
2013-10-04,48.231293,42.82938818
2013-10-07,47.289047,44.02610276
2013-10-08,46.788486,37.94546215
2013-10-09,47.06329,43.43941667
2013-10-10,48.358898,42.50747134
2013-10-11,48.309822,45.4595425
2013-10-14,48.682785,45.90786626
2013-10-15,47.956482,40.61914025
2013-10-16,49.899857,45.65836916
2013-10-17,50.174686,42.69865779
2013-10-18,50.204124,45.33432397
2013-10-21,50.086353,46.58030829
2013-10-22,49.821342,41.4015352
2013-10-23,49.261879,46.15838062
2013-10-24,49.222622,43.06979425
2013-10-25,49.134281,42.55028735
2013-10-28,49.222622,48.43506005
2013-10-29,49.291328,43.27778598
2013-10-30,48.967426,40.78986586
2013-10-31,47.887554,43.38612392
2013-11-01,47.848282,39.80977062
2013-11-04,47.740295,43.39592816
2013-11-05,47.494865,46.11751392
2013-11-06,47.730476,38.56622461
2013-11-07,47.46542,41.34238082
2013-11-08,49.026337,43.04512389
2013-11-11,49.252121,45.16419496
2013-11-12,48.614017,48.12787683
2013-11-13,49.075417,44.60955405
2013-11-14,49.291393,45.98886967
2013-11-15,49.477917,46.45976406
2013-11-18,49.860783,45.32345175
2013-11-19,50.233822,47.21979268
2013-11-20,49.841145,44.90687165
2013-11-21,50.783577,41.23626452
2013-11-22,51.451141,46.97489173
2013-11-25,52.315041,44.46778485
2013-11-26,52.040165,46.31574685
2013-11-27,52.07943,46.14237498
2013-11-29,51.951809,50.75691739
2013-12-02,51.657303,42.66893228
2013-12-03,51.176266,51.176266
2013-12-04,51.08791,43.11819604
2013-12-05,50.125839,44.16086416
2013-12-06,50.547977,45.74591919
2013-12-09,51.156631,43.0738833
2013-12-10,50.793392,42.26010214
2013-12-11,49.782249,48.93595077
2013-12-12,49.97858,48.52920118
2013-12-13,50.037483,44.7335098
2013-12-16,49.968773,45.67145852
2013-12-17,49.762611,43.49252201
2013-12-18,51.009365,47.03063453
2013-12-19,50.930843,48.28243916
2013-12-20,51.254803,41.46513563
2013-12-23,51.451141,42.18993562
2013-12-24,51.470776,47.14723082
2013-12-26,51.392239,43.11808852
2013-12-27,51.30389,49.09782273
2013-12-30,50.970104,41.38772445
2013-12-31,51.156631,44.91552202
